,Unnamed: 0,Headline
0,0,Why You Should Own Berkshire But Buy 5% Yielding Allianz Today
2,3,Berkshire Hathaway's 10-Q And Path To $1T
4,6,Berkshire Hathaway: Buffett The Buyer Is Back
6,9,Berkshire Hathaway: Lithium Prospector
8,12,Berkshire Hathaway: Top Stock For A High Inflation Environment
10,15,3 Best Financial And Bank Stocks To Inflation-Proof Your Portfolio
12,18,Black Bear Value Fund - Berkshire Hathaway: Why Own It At All
14,21,"Berkshire Hathaway Q1 2022 Earnings, Book Value Estimates - Safe Stock In A Rough Market"
16,24,Berkshire Hathaway: The Security I Like Best
18,27,Is Berkshire Hathaway A Buy As It Acquires Alleghany?
20,30,Berkshire Hathaway: All-Time High And Still A Buy
22,33,Berkshire Hathaway Energy Is Thriving
24,36,Is Berkshire Hathaway Stock A Buy Or Sell As It Reaches All-Time Highs?
26,39,Berkshire Hathaway: Finally Putting Some Cash To Work
28,42,Berkshire's '4 Giants' Are Driving Shares To All-Time Highs
30,45,Berkshire Hathaway's Purchase Of Alleghany - Another Solid Move By Warren Buffett
32,48,The Acquisition Logic: Berkshire Acquires Alleghany
34,51,Berkshire Hathaway: A Safe Bet For An Uncertain Market
36,54,Berkshire Hathaway: Prepare For A Post-Buffett Era Amid A 3-Sigma Valuation
38,57,Berkshire Hathaway Inc. - 2021 Shareholder Letter
40,60,Berkshire Hathaway: Making The Grade
42,63,Berkshire Hathaway 2021 Valuation
44,66,2021 Berkshire Hathaway Letter To Shareholders: 3 Key Takeaways
46,69,"Why Buffett's Berkshire Must Not Be Broken Up. Ever. (By The Way, It's A Strong Buy Right Now.)"
48,72,Berkshire Hathaway: Pivot To Value
50,75,Tracking Warren Buffett's Berkshire Hathaway Portfolio - Q4 2021 Update
52,78,Berkshire Hathaway Stock: Better Multi-Sector Buy Than SPY
54,81,How Would Berkshire Hathaway Fare In A Severe Bear Market? Here's A Stress Test
56,84,Berkshire Hathaway's True P/E Could Be As Low As 11x But Buffett Himself Probably Won't Buy
58,87,Selling Apple To Buy Berkshire: A Great Trade For Conservative Investors
60,90,Berkshire Hathaway Energy Is One Of Our Favorite Parts Of Berkshire Hathaway
62,93,Berkshire Hathaway Q4 2021 Earnings And Book Value Estimates - Berkshire Could Crush The S&P In 2022
64,96,Why Buffett Should Sell Berkshire's Apple Stake
66,99,Buffett's Berkshire And The S&P 500 Share A Two-Edged Sword: Big Winners Overpower Losers
68,102,Berkshire Hathaway Has Become A Value Stock In A Market Obsessed With Growth
70,105,Berkshire Hathaway: Can Warren Buffett Escape The Gravity Of Diminishing Returns?
72,108,"If Only Berkshire Hathaway Had Listened To Us, And Why It's Time To Exit Apple"
74,111,Tracking Warren Buffett's Berkshire Hathaway Portfolio - Q3 2021 Update
76,114,Grading Berkshire Hathaway
78,117,Warren Buffett Vs. Cathie Wood: Is It Really About Apple Vs. Tesla?
80,120,Why Buffett's Berkshire Hathaway Is Still A Great Long-Term Holding
82,123,Setting The Record Straight: Sir Warren Buffett's Success Has Little To Do With Dividend Investing
84,126,"Berkshire Hathaway Stock: Buy, Hold, Or Sell?"
86,129,Berkshire Hathaway: Strong Buybacks And Continued Compounding Mean 9-10% Returns Annually
88,132,"Berkshire Hathaway Q3 2021 Earnings And Book Value Estimates - Cash Is Trash, Repurchases Are Treasure"
90,135,Berkshire Hathaway: Applying Buffett's $1 Test On Himself
92,138,How To Value Berkshire Hathaway Stock: 40% Upside From True Earnings Power
94,141,We Can Expect More Aggressive Deployment Of Berkshire's $144 Billion Cash Going Forward
96,144,Berkshire Hathaway: Return On Capital Vs. Cost Of Capital
98,147,Berkshire Hathaway Remains Undervalued
100,150,Buffett Shaped Berkshire As An All-Weather Conglomerate: It's OK To Be Overweight
102,153,Tracking Warren Buffett's Berkshire Hathaway Portfolio - Q2 2021 Update
104,156,Berkshire Hathaway Is Undervalued By 17%
106,159,Q2 Shows Why Berkshire Is Undervalued And Growing Again
108,162,Berkshire Hathaway - Big Buybacks And Better Businesses
110,165,Berkshire Hathaway Inc.: Why Did Buffett Repurchase The Shares?
112,168,Berkshire Hathaway Q2 2021 Earnings And Book Value Estimates
114,171,"Berkshire Hathaway: At Least 20% Underpriced, And The Kraft Heinz Position"
116,174,Recent Buybacks Hint At An Evolving Buffett View That Could Greatly Juice Berkshire's Value
118,177,Berkshire Hathaway: A Different Look At A Core Holding
120,180,"I Love Buffett, But I Would Not Buy Berkshire Hathaway Now"
122,183,"Buffett Dodges ESG Pressure, Sells Suncor And Chevron - Concerning For Berkshire, Promising For Oil And Gas Stocks"
124,186,Tracking Warren Buffett's Berkshire Hathaway Portfolio - Q1 2021 Update
126,189,Berkshire Annual Meeting: Little And Big Things From Warren And Charlie That Were Easy To Miss
128,192,Berkshire Annual Meeting Conclusion: Don't Be Afraid To Trade The Opposite Of Warren Buffett
130,195,Berkshire Hathaway Versus The S&P 500 Through The Years
132,198,Here's What Berkshire Hathaway Stock Could Look Like In Five Years With Buffett Buybacks
134,201,Berkshire Hathaway: A Key Beneficiary Of This Bull Market
136,204,"Watch The Berkshire Hathaway Meeting For Fun, But Invest For The Value"
138,207,Berkshire Hathaway Energy Is Making Progress With Renewables
140,210,Berkshire Hathaway Q1 2021 Earnings And Book Value Estimates
142,213,Berkshire Hathaway Keeps Trading As A Sum Of Equity And Insurance Float
144,216,The Canadian Pacific And Kansas Southern Acquisition Makes Berkshire Hathaway Undervalued
146,219,"In A Climate Focused World, Don't Miss Berkshire Hathaway Energy"
148,222,"Berkshire Hathaway Stock: Great Company, Good Price And A Potential Portfolio Anchor"
150,225,Berkshire Hathaway: Stop Obsessing Over Warren Buffett's Stock Picks
152,228,Energy Will Be The Jewel In Berkshire Hathaway's Crown
154,231,"Berkshire: Warren Buffett Does Buybacks, Earnings Remain Strong"
156,234,Berkshire Hathaway: Current Valuation
158,237,2020 Berkshire Hathaway Letter To Shareholders: 3 Key Takeaways
160,240,"Respectfully, Mr. Buffett, What Were You Thinking?"
162,243,Berkshire Hathaway: Critical Turning Point
164,246,"Buffett, Berkshire, Dividends: Here's The Smart Way To Think About It"
166,249,Warren Buffett Makes Few Market Calls But Berkshire's 13F Filings Provide Hints As To His Current Views
168,252,"It Makes Sense For Berkshire Hathaway To Declare A Dividend Later This Week, But It Might Not"
170,255,"Berkshire Hathaway: Buffett Sells Apple, Buys Value"
172,258,Revealing Berkshire Hathaway's Secret Investments
174,261,Tracking Warren Buffett's Berkshire Hathaway Portfolio - Q4 2020 Update
176,264,Sitting Out The Chaos With Berkshire Hathaway (And Options)
178,267,Berkshire Hathaway Q4 2020 Earnings And Book Value Estimates
180,270,Buffett's 1977 Fortune Article On Inflation Yields Clues For Dealing With Our Deflationary Era
182,273,Buffett's Berkshire Is Way More Attractive Than Most Think
184,276,Berkshire Hathaway: Buffett's 'Secret' Investment Shouldn't Be The Only Reason To Invest
186,279,Buffett's Response To A Trying Year Speaks Volumes About Berkshire And The Markets
188,282,Berkshire Hathaway: Intrinsic Value Estimate Exceeds $300 Per Class B Share
190,285,Berkshire Hathaway Better Be Hiding Something Big From The Market
192,288,Tracking Warren Buffett's Berkshire Hathaway Portfolio - Q3 2020 Update
194,291,Here's Why I'm Not Excited About Berkshire Hathaway's Buybacks
196,294,Berkshire Hathaway Seems To Have Learned Something From Its Largest Holding
198,297,Berkshire Hathaway Q3 2020 Earnings And Book Value Estimates
200,300,Berkshire After Buffett
202,303,Just Burlington Is Worth $200 Billion - Berkshire Hathaway Undervalued By 40%
204,306,Buffett's Surprising New Moves Fit His Core Principle: Have An Edge
206,309,What Are Warren Buffett And Berkshire Hathaway Thinking Post-Pandemic?
208,312,Reverse-Engineering Buffett's Thinking About Those Japanese Trading Companies
210,315,Buffett's Great Advice: But What If There's Something Wrong With Every Asset Class?
212,318,Berkshire Hathaway Remains An Ideal Portfolio Anchor
214,321,Berkshire Hathaway's Intrinsic Value Is Little Changed Despite A Tumultuous First Half
216,324,Berkshire Hathaway Is Undervalued By 20%
218,327,Berkshire Hathaway Inc.: Capitalizing On Industry Dynamics For Long-Term Growth
220,330,Berkshire Hathaway Breaks 2 Of Buffett's Rules With Barrick Gold Stake
222,333,Tracking Warren Buffett's Berkshire Hathaway Portfolio - Q2 2020 Update
224,336,Berkshire Hathaway Thinks Stocks (Except Its Own) Are Overvalued
226,339,Berkshire Hathaway: Warren Buffett's Cash Cow Keeps On Churning
228,342,Berkshire Hathaway Operations Gain Ground In Q2
230,345,A Quick Current Evaluation Of Berkshire Hathaway
232,348,Berkshire Hathaway: Shifting To Neutral Following Recent Outperformance Though Long-Term Bullish Outlook Remains Intact
