,,,
Why You Should Own Berkshire But Buy 5% Yielding Allianz Today,,,
"Dividend SenseiThu, May 0571 Comments",,,
,,,
Berkshire Hathaway's 10-Q And Path To $1T,,,
"Envision ResearchWed, May 0441 Comments",,,
,,,
Berkshire Hathaway: Buffett The Buyer Is Back,,,
"Editors' PickGary GambinoMon, May 0229 Comments",,,
,,,
Berkshire Hathaway: Lithium Prospector,,,
"Another Mountain's Rock InvestingFri, Apr. 2948 Comments",,,
,,,
Berkshire Hathaway: Top Stock For A High Inflation Environment,,,
"Logan KaneWed, Apr. 2049 Comments",,,
,,,
3 Best Financial And Bank Stocks To Inflation-Proof Your Portfolio,,,
"Editors' PickSteven CressThu, Apr. 1487 Comments",,,
,,,
Black Bear Value Fund - Berkshire Hathaway: Why Own It At All,,,
"Editors' PickFund Letter Stock IdeasSat, Apr. 0949 Comments",,,
,,,
"Berkshire Hathaway Q1 2022 Earnings, Book Value Estimates - Safe Stock In A Rough Market",,,
"Fishtown CapitalFri, Apr. 0846 Comments",,,
,,,
Berkshire Hathaway: The Security I Like Best,,,
"Karlsson & PartnersThu, Apr. 0719 Comments",,,
,,,
Is Berkshire Hathaway A Buy As It Acquires Alleghany?,,,
"Jim SloanMon, Apr. 0476 Comments",,,
,,,
Berkshire Hathaway: All-Time High And Still A Buy,,,
"Growth at a Good PriceSat, Apr. 0229 Comments",,,
,,,
Berkshire Hathaway Energy Is Thriving,,,
"Eric SpragueFri, Apr. 0148 Comments",,,
,,,
Is Berkshire Hathaway Stock A Buy Or Sell As It Reaches All-Time Highs?,,,
"Jonathan WeberWed, Mar. 30103 Comments",,,
,,,
Berkshire Hathaway: Finally Putting Some Cash To Work,,,
"BeanKounter CapitalMon, Mar. 2877 Comments",,,
,,,
Berkshire's '4 Giants' Are Driving Shares To All-Time Highs,,,
"ValuentumFri, Mar. 2581 Comments",,,
,,,
Berkshire Hathaway's Purchase Of Alleghany - Another Solid Move By Warren Buffett,,,
"Editors' PickDaniel JonesWed, Mar. 2322 Comments",,,
,,,
The Acquisition Logic: Berkshire Acquires Alleghany,,,
"Alexander SteinbergWed, Mar. 2327 Comments",,,
,,,
Berkshire Hathaway: A Safe Bet For An Uncertain Market,,,
"Growth at a Good PriceWed, Mar. 0972 Comments",,,
,,,
Berkshire Hathaway: Prepare For A Post-Buffett Era Amid A 3-Sigma Valuation,,,
"Envision ResearchMon, Mar. 0754 Comments",,,
,,,
Berkshire Hathaway Inc. - 2021 Shareholder Letter,,,
"Fund LettersMon, Feb. 2855 Comments",,,
,,,
Berkshire Hathaway: Making The Grade,,,
"Gary GambinoSun, Feb. 2773 Comments",,,
,,,
Berkshire Hathaway 2021 Valuation,,,
"Eric SpragueSun, Feb. 2734 Comments",,,
,,,
2021 Berkshire Hathaway Letter To Shareholders: 3 Key Takeaways,,,
"Get Rich BrothersSun, Feb. 2777 Comments",,,
,,,
"Why Buffett's Berkshire Must Not Be Broken Up. Ever. (By The Way, It's A Strong Buy Right Now.)",,,
"Editors' PickJim SloanWed, Feb. 23220 Comments",,,
,,,
Berkshire Hathaway: Pivot To Value,,,
"Growth at a Good PriceSat, Feb. 1942 Comments",,,
,,,
Tracking Warren Buffett's Berkshire Hathaway Portfolio - Q4 2021 Update,,,
"Editors' PickJohn VincentTue, Feb. 1545 Comments",,,
,,,
Berkshire Hathaway Stock: Better Multi-Sector Buy Than SPY,,,
"David J. WaldronWed, Feb. 0936 Comments",,,
,,,
How Would Berkshire Hathaway Fare In A Severe Bear Market? Here's A Stress Test,,,
"Editors' PickJim SloanFri, Jan. 28286 Comments",,,
,,,
Berkshire Hathaway's True P/E Could Be As Low As 11x But Buffett Himself Probably Won't Buy,,,
"Envision ResearchWed, Jan. 1959 Comments",,,
,,,
Selling Apple To Buy Berkshire: A Great Trade For Conservative Investors,,,
"BeanKounter CapitalTue, Jan. 18164 Comments",,,
,,,
Berkshire Hathaway Energy Is One Of Our Favorite Parts Of Berkshire Hathaway,,,
"The Value PortfolioWed, Jan. 1262 Comments",,,
,,,
Berkshire Hathaway Q4 2021 Earnings And Book Value Estimates - Berkshire Could Crush The S&P In 2022,,,
"Editors' PickFishtown CapitalThu, Jan. 06155 Comments",,,
,,,
Why Buffett Should Sell Berkshire's Apple Stake,,,
"Jonathan WeberTue, Dec. 21, 2021264 Comments",,,
,,,
Buffett's Berkshire And The S&P 500 Share A Two-Edged Sword: Big Winners Overpower Losers,,,
"Jim SloanSun, Dec. 19, 2021125 Comments",,,
,,,
Berkshire Hathaway Has Become A Value Stock In A Market Obsessed With Growth,,,
"Steven FiorilloFri, Dec. 10, 2021227 Comments",,,
,,,
Berkshire Hathaway: Can Warren Buffett Escape The Gravity Of Diminishing Returns?,,,
"Envision ResearchWed, Dec. 08, 2021148 Comments",,,
,,,
"If Only Berkshire Hathaway Had Listened To Us, And Why It's Time To Exit Apple",,,
"The Value PortfolioWed, Nov. 24, 2021404 Comments",,,
,,,
Tracking Warren Buffett's Berkshire Hathaway Portfolio - Q3 2021 Update,,,
"Editors' PickJohn VincentTue, Nov. 16, 2021108 Comments",,,
,,,
Grading Berkshire Hathaway,,,
"Gary GambinoTue, Nov. 09, 2021117 Comments",,,
,,,
Warren Buffett Vs. Cathie Wood: Is It Really About Apple Vs. Tesla?,,,
"Steven CressMon, Nov. 08, 202184 Comments",,,
,,,
Why Buffett's Berkshire Hathaway Is Still A Great Long-Term Holding,,,
"Jim SloanMon, Nov. 01, 2021165 Comments",,,
,,,
Setting The Record Straight: Sir Warren Buffett's Success Has Little To Do With Dividend Investing,,,
"Editors' PickCourage & Conviction InvestingMon, Oct. 18, 2021379 Comments",,,
,,,
"Berkshire Hathaway Stock: Buy, Hold, Or Sell?",,,
"High Yield InvestorWed, Oct. 13, 2021125 Comments",,,
,,,
Berkshire Hathaway: Strong Buybacks And Continued Compounding Mean 9-10% Returns Annually,,,
"Logan FrickSat, Oct. 09, 2021126 Comments",,,
,,,
"Berkshire Hathaway Q3 2021 Earnings And Book Value Estimates - Cash Is Trash, Repurchases Are Treasure",,,
"Editors' PickFishtown CapitalWed, Oct. 06, 2021157 Comments",,,
,,,
Berkshire Hathaway: Applying Buffett's $1 Test On Himself,,,
"Envision ResearchThu, Sep. 30, 202168 Comments",,,
,,,
How To Value Berkshire Hathaway Stock: 40% Upside From True Earnings Power,,,
"Julian LinMon, Sep. 27, 2021135 Comments",,,
,,,
We Can Expect More Aggressive Deployment Of Berkshire's $144 Billion Cash Going Forward,,,
"C JessenSun, Aug. 29, 2021336 Comments",,,
,,,
Berkshire Hathaway: Return On Capital Vs. Cost Of Capital,,,
"Envision ResearchFri, Aug. 27, 202118 Comments",,,
,,,
Berkshire Hathaway Remains Undervalued,,,
"Eric SpragueTue, Aug. 24, 2021148 Comments",,,
,,,
Buffett Shaped Berkshire As An All-Weather Conglomerate: It's OK To Be Overweight,,,
"Jim SloanFri, Aug. 20, 202198 Comments",,,
,,,
Tracking Warren Buffett's Berkshire Hathaway Portfolio - Q2 2021 Update,,,
"Editors' PickJohn VincentWed, Aug. 18, 202135 Comments",,,
,,,
Berkshire Hathaway Is Undervalued By 17%,,,
"David KassMon, Aug. 16, 2021134 Comments",,,
,,,
Q2 Shows Why Berkshire Is Undervalued And Growing Again,,,
"ASB CapitalMon, Aug. 09, 202127 Comments",,,
,,,
Berkshire Hathaway - Big Buybacks And Better Businesses,,,
"Gary GambinoSun, Aug. 08, 202152 Comments",,,
,,,
Berkshire Hathaway Inc.: Why Did Buffett Repurchase The Shares?,,,
"Envision ResearchWed, Aug. 04, 202168 Comments",,,
,,,
Berkshire Hathaway Q2 2021 Earnings And Book Value Estimates,,,
"Editors' PickFishtown CapitalFri, Jul. 30, 202179 Comments",,,
,,,
"Berkshire Hathaway: At Least 20% Underpriced, And The Kraft Heinz Position",,,
"Editors' PickJames EmanuelSat, Jul. 03, 2021303 Comments",,,
,,,
Recent Buybacks Hint At An Evolving Buffett View That Could Greatly Juice Berkshire's Value,,,
"Editors' PickJim SloanTue, Jun. 29, 2021209 Comments",,,
,,,
Berkshire Hathaway: A Different Look At A Core Holding,,,
"George FisherWed, Jun. 16, 2021134 Comments",,,
,,,
"I Love Buffett, But I Would Not Buy Berkshire Hathaway Now",,,
"Sven CarlinMon, Jun. 14, 2021171 Comments",,,
,,,
"Buffett Dodges ESG Pressure, Sells Suncor And Chevron - Concerning For Berkshire, Promising For Oil And Gas Stocks",,,
"Josh YoungWed, May 19, 2021129 Comments",,,
,,,
Tracking Warren Buffett's Berkshire Hathaway Portfolio - Q1 2021 Update,,,
"John VincentTue, May 18, 202177 Comments",,,
,,,
Berkshire Annual Meeting: Little And Big Things From Warren And Charlie That Were Easy To Miss,,,
"Editors' PickJim SloanWed, May 05, 2021142 Comments",,,
,,,
Berkshire Annual Meeting Conclusion: Don't Be Afraid To Trade The Opposite Of Warren Buffett,,,
"Paul FrankeTue, May 04, 202198 Comments",,,
,,,
Berkshire Hathaway Versus The S&P 500 Through The Years,,,
"Editors' PickJohn RhodesSun, May 02, 2021249 Comments",,,
,,,
Here's What Berkshire Hathaway Stock Could Look Like In Five Years With Buffett Buybacks,,,
"Editors' PickJim SloanThu, Apr. 29, 2021299 Comments",,,
,,,
Berkshire Hathaway: A Key Beneficiary Of This Bull Market,,,
"Jonathan WeberMon, Apr. 26, 202172 Comments",,,
,,,
"Watch The Berkshire Hathaway Meeting For Fun, But Invest For The Value",,,
"Gary GambinoSun, Apr. 25, 202123 Comments",,,
,,,
Berkshire Hathaway Energy Is Making Progress With Renewables,,,
"Eric SpragueThu, Apr. 22, 202178 Comments",,,
,,,
Berkshire Hathaway Q1 2021 Earnings And Book Value Estimates,,,
"Editors' PickFishtown CapitalThu, Apr. 08, 2021100 Comments",,,
,,,
Berkshire Hathaway Keeps Trading As A Sum Of Equity And Insurance Float,,,
"Alexander SteinbergWed, Mar. 31, 202182 Comments",,,
,,,
The Canadian Pacific And Kansas Southern Acquisition Makes Berkshire Hathaway Undervalued,,,
"The Value PortfolioMon, Mar. 22, 202151 Comments",,,
,,,
"In A Climate Focused World, Don't Miss Berkshire Hathaway Energy",,,
"The Value PortfolioMon, Mar. 15, 202116 Comments",,,
,,,
"Berkshire Hathaway Stock: Great Company, Good Price And A Potential Portfolio Anchor",,,
"Editors' PickJim SloanFri, Mar. 05, 2021247 Comments",,,
,,,
Berkshire Hathaway: Stop Obsessing Over Warren Buffett's Stock Picks,,,
"Gary GambinoWed, Mar. 03, 202173 Comments",,,
,,,
Energy Will Be The Jewel In Berkshire Hathaway's Crown,,,
"The Value PortfolioTue, Mar. 02, 202136 Comments",,,
,,,
"Berkshire: Warren Buffett Does Buybacks, Earnings Remain Strong",,,
"Jonathan WeberTue, Mar. 02, 202149 Comments",,,
,,,
Berkshire Hathaway: Current Valuation,,,
"Eric SpragueSun, Feb. 28, 2021122 Comments",,,
,,,
2020 Berkshire Hathaway Letter To Shareholders: 3 Key Takeaways,,,
"Get Rich BrothersSun, Feb. 28, 202124 Comments",,,
,,,
"Respectfully, Mr. Buffett, What Were You Thinking?",,,
"Editors' PickRichard J. ParsonsSun, Feb. 28, 2021435 Comments",,,
,,,
Berkshire Hathaway: Critical Turning Point,,,
"Editors' PickFishtown CapitalSun, Feb. 28, 2021219 Comments",,,
,,,
"Buffett, Berkshire, Dividends: Here's The Smart Way To Think About It",,,
"Editors' PickJim SloanFri, Feb. 26, 2021192 Comments",,,
,,,
Warren Buffett Makes Few Market Calls But Berkshire's 13F Filings Provide Hints As To His Current Views,,,
"Editors' PickJim SloanMon, Feb. 22, 2021115 Comments",,,
,,,
"It Makes Sense For Berkshire Hathaway To Declare A Dividend Later This Week, But It Might Not",,,
"Dilantha De SilvaSun, Feb. 21, 2021154 Comments",,,
,,,
"Berkshire Hathaway: Buffett Sells Apple, Buys Value",,,
"Jonathan WeberSat, Feb. 20, 2021204 Comments",,,
,,,
Revealing Berkshire Hathaway's Secret Investments,,,
"Dilantha De SilvaWed, Feb. 17, 202130 Comments",,,
,,,
Tracking Warren Buffett's Berkshire Hathaway Portfolio - Q4 2020 Update,,,
"John VincentWed, Feb. 17, 2021176 Comments",,,
,,,
Sitting Out The Chaos With Berkshire Hathaway (And Options),,,
"AvoidingBigLossesMon, Feb. 01, 202163 Comments",,,
,,,
Berkshire Hathaway Q4 2020 Earnings And Book Value Estimates,,,
"Editors' PickFishtown CapitalWed, Jan. 06, 2021298 Comments",,,
,,,
Buffett's 1977 Fortune Article On Inflation Yields Clues For Dealing With Our Deflationary Era,,,
"Editors' PickJim SloanMon, Jan. 04, 2021113 Comments",,,
,,,
Buffett's Berkshire Is Way More Attractive Than Most Think,,,
"Jonathan WeberSat, Dec. 26, 2020403 Comments",,,
,,,
Berkshire Hathaway: Buffett's 'Secret' Investment Shouldn't Be The Only Reason To Invest,,,
"The Value PortfolioTue, Dec. 15, 2020158 Comments",,,
,,,
Buffett's Response To A Trying Year Speaks Volumes About Berkshire And The Markets,,,
"Editors' PickJim SloanWed, Dec. 09, 2020255 Comments",,,
,,,
Berkshire Hathaway: Intrinsic Value Estimate Exceeds $300 Per Class B Share,,,
"Editors' PickLeftsharkWed, Dec. 09, 2020190 Comments",,,
,,,
Berkshire Hathaway Better Be Hiding Something Big From The Market,,,
"Dilantha De SilvaSun, Nov. 22, 2020245 Comments",,,
,,,
Tracking Warren Buffett's Berkshire Hathaway Portfolio - Q3 2020 Update,,,
"John VincentTue, Nov. 17, 202046 Comments",,,
,,,
Here's Why I'm Not Excited About Berkshire Hathaway's Buybacks,,,
"Dilantha De SilvaMon, Nov. 09, 202085 Comments",,,
,,,
Berkshire Hathaway Seems To Have Learned Something From Its Largest Holding,,,
"The Value PortfolioSun, Nov. 08, 202090 Comments",,,
,,,
Berkshire Hathaway Q3 2020 Earnings And Book Value Estimates,,,
"Editors' PickFishtown CapitalTue, Oct. 20, 2020266 Comments",,,
,,,
Berkshire After Buffett,,,
"Sven CarlinFri, Oct. 09, 2020150 Comments",,,
,,,
Just Burlington Is Worth $200 Billion - Berkshire Hathaway Undervalued By 40%,,,
"Sven CarlinFri, Oct. 02, 2020361 Comments",,,
,,,
Buffett's Surprising New Moves Fit His Core Principle: Have An Edge,,,
"Editors' PickJim SloanFri, Sep. 25, 2020135 Comments",,,
,,,
What Are Warren Buffett And Berkshire Hathaway Thinking Post-Pandemic?,,,
"Andrew WalkerMon, Sep. 21, 2020120 Comments",,,
,,,
Reverse-Engineering Buffett's Thinking About Those Japanese Trading Companies,,,
"Jim SloanTue, Sep. 08, 202062 Comments",,,
,,,
Buffett's Great Advice: But What If There's Something Wrong With Every Asset Class?,,,
"Editors' PickJim SloanWed, Sep. 02, 2020142 Comments",,,
,,,
Berkshire Hathaway Remains An Ideal Portfolio Anchor,,,
"Editors' PickOhio Capital IdeasMon, Aug. 31, 202044 Comments",,,
,,,
Berkshire Hathaway's Intrinsic Value Is Little Changed Despite A Tumultuous First Half,,,
"Matt FranzMon, Aug. 24, 202079 Comments",,,
,,,
Berkshire Hathaway Is Undervalued By 20%,,,
"David KassSun, Aug. 23, 2020157 Comments",,,
,,,
Berkshire Hathaway Inc.: Capitalizing On Industry Dynamics For Long-Term Growth,,,
"Stella MwendeThu, Aug. 20, 202073 Comments",,,
,,,
Berkshire Hathaway Breaks 2 Of Buffett's Rules With Barrick Gold Stake,,,
"Editors' PickVince MartinMon, Aug. 17, 202099 Comments",,,
,,,
Tracking Warren Buffett's Berkshire Hathaway Portfolio - Q2 2020 Update,,,
"Editors' PickJohn VincentSun, Aug. 16, 202096 Comments",,,
,,,
Berkshire Hathaway Thinks Stocks (Except Its Own) Are Overvalued,,,
"Ranjit Thomas, CFAMon, Aug. 10, 202031 Comments",,,
,,,
Berkshire Hathaway: Warren Buffett's Cash Cow Keeps On Churning,,,
"Daniel JonesMon, Aug. 10, 202077 Comments",,,
,,,
Berkshire Hathaway Operations Gain Ground In Q2,,,
"Gary GambinoMon, Aug. 10, 202013 Comments",,,
,,,
A Quick Current Evaluation Of Berkshire Hathaway,,,
"Alexander SteinbergMon, Aug. 10, 202028 Comments",,,
,,,
Berkshire Hathaway: Shifting To Neutral Following Recent Outperformance Though Long-Term Bullish Outlook Remains Intact,,,
,,,
,,,
,,,
,,,
,,,
,,,
,,,
,,,
,,,
,,,
,,,
,,,
,,,
,,,
,,,
,,,
,,,
,,,
,,,
,,,
,,,
,,,
,,,
,,,
,,,
,,,
,,,
